branchName,Category,Subcategory,Half Value,Year,Item Code,Size,Unique Code,,,,,,,,,
GROOMS Trivandrum,P,3P,9,24,BZ,34,3PP0924BZ34WXZ9U8,,,,,,,,,
GROOMS Trivandrum,P,3P,9,24,BZ,34,3PP0924BZ346EBEHN,,,,,,,,,
GROOMS Trivandrum,P,3P,9,24,BZ,34,3PP0924BZ34H5F7K4,,,,,,,,,
GROOMS Trivandrum,P,3P,9,24,BZ,34,3PP0924BZ34ER86B5,,,,,,,,,
GROOMS Trivandrum,P,3P,9,24,BZ,34,3PP0924BZ34EAU5E9,,,,,,,,,
GROOMS Trivandrum,P,3P,9,24,BZ,34,3PP0924BZ347S09PH,,,,,,,,,
GROOMS Trivandrum,P,3P,9,24,WC,34,3PP0924WC34QQ42WJ,,,,,,,,,
GROOMS Trivandrum,P,3P,9,24,WC,34,3PP0924WC348YGS0C,,,,,,,,,
GROOMS Trivandrum,P,3P,9,24,WC,34,3PP0924WC34XSJC1T,,,,,,,,,
GROOMS Trivandrum,P,3P,9,24,WC,34,3PP0924WC34526W4Z,,,,,,,,,
GROOMS Trivandrum,P,3P,9,24,WC,34,3PP0924WC34LNSPVV,,,,,,,,,
GROOMS Trivandrum,P,3P,9,24,WC,34,3PP0924WC342BHN0U,,,,,,,,,
GROOMS Trivandrum,P,3P,9,24,T,30,3PP0924T30HHDM9J,,,,,,,,,
GROOMS Trivandrum,P,3P,9,24,T,30,3PP0924T304QFJTB,,,,,,,,,
GROOMS Trivandrum,P,3P,9,24,T,30,3PP0924T30O06R47,,,,,,,,,
GROOMS Trivandrum,P,3P,9,24,T,30,3PP0924T30RN4LCM,,,,,,,,,
GROOMS Trivandrum,P,3P,9,24,T,30,3PP0924T30UKXUEL,,,,,,,,,
GROOMS Trivandrum,P,3P,9,24,T,30,3PP0924T30HUP3LI,,,,,,,,,
GROOMS Trivandrum,P,3P,9,24,BZ,36,3PP0924BZ36MAWCQC,,,,,,,,,
GROOMS Trivandrum,P,3P,9,24,BZ,36,3PP0924BZ36OVYUX6,,,,,,,,,
GROOMS Trivandrum,P,3P,9,24,BZ,36,3PP0924BZ36KIXTEZ,,,,,,,,,
GROOMS Trivandrum,P,3P,9,24,BZ,36,3PP0924BZ363G1LW4,,,,,,,,,
GROOMS Trivandrum,P,3P,9,24,BZ,36,3PP0924BZ36SPIB07,,,,,,,,,
GROOMS Trivandrum,P,3P,9,24,BZ,36,3PP0924BZ36JMP65C,,,,,,,,,
GROOMS Trivandrum,P,3P,9,24,BZ,36,3PP0924BZ36C13JDD,,,,,,,,,
GROOMS Trivandrum,P,3P,9,24,BZ,36,3PP0924BZ36X30HB1,,,,,,,,,
GROOMS Trivandrum,P,3P,9,24,BZ,36,3PP0924BZ36JCL1HK,,,,,,,,,
GROOMS Trivandrum,P,3P,9,24,BZ,36,3PP0924BZ36ID5RHA,,,,,,,,,
GROOMS Trivandrum,P,3P,9,24,BZ,36,3PP0924BZ36CPKSJ0,,,,,,,,,
GROOMS Trivandrum,P,3P,9,24,BZ,36,3PP0924BZ36TAWRNU,,,,,,,,,
GROOMS Trivandrum,P,3P,9,24,BZ,36,3PP0924BZ364HTQQX,,,,,,,,,
GROOMS Trivandrum,P,3P,9,24,BZ,36,3PP0924BZ36627O5R,,,,,,,,,
GROOMS Trivandrum,P,3P,9,24,BZ,36,3PP0924BZ364ZL1H6,,,,,,,,,
GROOMS Trivandrum,P,3P,9,24,BZ,36,3PP0924BZ36MUIZKZ,,,,,,,,,
GROOMS Trivandrum,P,3P,9,24,BZ,36,3PP0924BZ363ZW25K,,,,,,,,,
GROOMS Trivandrum,P,3P,9,24,BZ,36,3PP0924BZ361PLN09,,,,,,,,,
GROOMS Trivandrum,P,3P,9,24,WC,36,3PP0924WC36WMLL7L,,,,,,,,,
GROOMS Trivandrum,P,3P,9,24,WC,36,3PP0924WC3688L4DK,,,,,,,,,
GROOMS Trivandrum,P,3P,9,24,WC,36,3PP0924WC36YGTY9Y,,,,,,,,,
GROOMS Trivandrum,P,3P,9,24,WC,36,3PP0924WC36AVDRHG,,,,,,,,,
GROOMS Trivandrum,P,3P,9,24,WC,36,3PP0924WC36HSB8Y4,,,,,,,,,
GROOMS Trivandrum,P,3P,9,24,WC,36,3PP0924WC363KIGE7,,,,,,,,,
GROOMS Trivandrum,P,3P,9,24,WC,36,3PP0924WC36Z0J1NS,,,,,,,,,
GROOMS Trivandrum,P,3P,9,24,WC,36,3PP0924WC36IRQSJ3,,,,,,,,,
GROOMS Trivandrum,P,3P,9,24,WC,36,3PP0924WC36E51PD6,,,,,,,,,
GROOMS Trivandrum,P,3P,9,24,WC,36,3PP0924WC36QKHFF9,,,,,,,,,
GROOMS Trivandrum,P,3P,9,24,WC,36,3PP0924WC36A0OXV6,,,,,,,,,
GROOMS Trivandrum,P,3P,9,24,WC,36,3PP0924WC36SY1KHX,,,,,,,,,
GROOMS Trivandrum,P,3P,9,24,WC,36,3PP0924WC36JNOOIA,,,,,,,,,
GROOMS Trivandrum,P,3P,9,24,WC,36,3PP0924WC36NH3GOK,,,,,,,,,
GROOMS Trivandrum,P,3P,9,24,WC,36,3PP0924WC3600BBD2,,,,,,,,,
GROOMS Trivandrum,P,3P,9,24,WC,36,3PP0924WC36004BA7,,,,,,,,,
GROOMS Trivandrum,P,3P,9,24,WC,36,3PP0924WC36CS41GA,,,,,,,,,
GROOMS Trivandrum,P,3P,9,24,WC,36,3PP0924WC364RBFL7,,,,,,,,,
GROOMS Trivandrum,P,3P,9,24,T,32,3PP0924T32KAV4DZ,,,,,,,,,
GROOMS Trivandrum,P,3P,9,24,T,32,3PP0924T32EJ46PT,,,,,,,,,
GROOMS Trivandrum,P,3P,9,24,T,32,3PP0924T32RPZV75,,,,,,,,,
GROOMS Trivandrum,P,3P,9,24,T,32,3PP0924T32P0EIYT,,,,,,,,,
GROOMS Trivandrum,P,3P,9,24,T,32,3PP0924T32QYJFJH,,,,,,,,,
GROOMS Trivandrum,P,3P,9,24,T,32,3PP0924T321C11DV,,,,,,,,,
GROOMS Trivandrum,P,3P,9,24,T,32,3PP0924T320SKP8J,,,,,,,,,
GROOMS Trivandrum,P,3P,9,24,T,32,3PP0924T32RCNW84,,,,,,,,,
GROOMS Trivandrum,P,3P,9,24,T,32,3PP0924T32NXVWQA,,,,,,,,,
GROOMS Trivandrum,P,3P,9,24,T,32,3PP0924T327HZUKB,,,,,,,,,
GROOMS Trivandrum,P,3P,9,24,T,32,3PP0924T32C44K6T,,,,,,,,,
GROOMS Trivandrum,P,3P,9,24,T,32,3PP0924T322JQ5WK,,,,,,,,,
GROOMS Trivandrum,P,3P,9,24,T,32,3PP0924T32KC2T41,,,,,,,,,
GROOMS Trivandrum,P,3P,9,24,T,32,3PP0924T3208YAPC,,,,,,,,,
GROOMS Trivandrum,P,3P,9,24,T,32,3PP0924T32GFYPUO,,,,,,,,,
GROOMS Trivandrum,P,3P,9,24,T,32,3PP0924T32YVJSFG,,,,,,,,,
GROOMS Trivandrum,P,3P,9,24,T,32,3PP0924T32NAY334,,,,,,,,,
GROOMS Trivandrum,P,3P,9,24,T,32,3PP0924T3252UDM2,,,,,,,,,
GROOMS Trivandrum,P,3P,9,24,BZ,38,3PP0924BZ38E3AC1E,,,,,,,,,
GROOMS Trivandrum,P,3P,9,24,BZ,38,3PP0924BZ38WAOQY4,,,,,,,,,
GROOMS Trivandrum,P,3P,9,24,BZ,38,3PP0924BZ38PB3L1Y,,,,,,,,,
GROOMS Trivandrum,P,3P,9,24,BZ,38,3PP0924BZ38UIV1ZE,,,,,,,,,
GROOMS Trivandrum,P,3P,9,24,BZ,38,3PP0924BZ38N89J2A,,,,,,,,,
GROOMS Trivandrum,P,3P,9,24,BZ,38,3PP0924BZ382VBPP3,,,,,,,,,
GROOMS Trivandrum,P,3P,9,24,BZ,38,3PP0924BZ38VAV37B,,,,,,,,,
GROOMS Trivandrum,P,3P,9,24,BZ,38,3PP0924BZ3828RUAJ,,,,,,,,,
GROOMS Trivandrum,P,3P,9,24,BZ,38,3PP0924BZ38D7FLHN,,,,,,,,,
GROOMS Trivandrum,P,3P,9,24,BZ,38,3PP0924BZ38ALS66F,,,,,,,,,
GROOMS Trivandrum,P,3P,9,24,BZ,38,3PP0924BZ38DBTEWK,,,,,,,,,
GROOMS Trivandrum,P,3P,9,24,BZ,38,3PP0924BZ38B6CB2N,,,,,,,,,
GROOMS Trivandrum,P,3P,9,24,BZ,38,3PP0924BZ3835B583,,,,,,,,,
GROOMS Trivandrum,P,3P,9,24,BZ,38,3PP0924BZ386NK2P6,,,,,,,,,
GROOMS Trivandrum,P,3P,9,24,BZ,38,3PP0924BZ38SBSI4T,,,,,,,,,
GROOMS Trivandrum,P,3P,9,24,BZ,38,3PP0924BZ38TZQA6I,,,,,,,,,
GROOMS Trivandrum,P,3P,9,24,BZ,38,3PP0924BZ38UPTYRY,,,,,,,,,
GROOMS Trivandrum,P,3P,9,24,BZ,38,3PP0924BZ389LKIJ0,,,,,,,,,
GROOMS Trivandrum,P,3P,9,24,WC,38,3PP0924WC38TR0OIV,,,,,,,,,
GROOMS Trivandrum,P,3P,9,24,WC,38,3PP0924WC38O97J7F,,,,,,,,,
GROOMS Trivandrum,P,3P,9,24,WC,38,3PP0924WC385TPT30,,,,,,,,,
GROOMS Trivandrum,P,3P,9,24,WC,38,3PP0924WC38DWSYU3,,,,,,,,,
GROOMS Trivandrum,P,3P,9,24,WC,38,3PP0924WC38CCYXRR,,,,,,,,,
GROOMS Trivandrum,P,3P,9,24,WC,38,3PP0924WC38O9NPCN,,,,,,,,,
GROOMS Trivandrum,P,3P,9,24,WC,38,3PP0924WC38UR6FU1,,,,,,,,,
GROOMS Trivandrum,P,3P,9,24,WC,38,3PP0924WC385VEGAU,,,,,,,,,
GROOMS Trivandrum,P,3P,9,24,WC,38,3PP0924WC38KXUT1N,,,,,,,,,
GROOMS Trivandrum,P,3P,9,24,WC,38,3PP0924WC389JV9E5,,,,,,,,,
GROOMS Trivandrum,P,3P,9,24,WC,38,3PP0924WC387DCFT9,,,,,,,,,
GROOMS Trivandrum,P,3P,9,24,WC,38,3PP0924WC38G0G6RN,,,,,,,,,
GROOMS Trivandrum,P,3P,9,24,WC,38,3PP0924WC38RK2EL5,,,,,,,,,
GROOMS Trivandrum,P,3P,9,24,WC,38,3PP0924WC38ISVQBL,,,,,,,,,
GROOMS Trivandrum,P,3P,9,24,WC,38,3PP0924WC38H9MJ9Y,,,,,,,,,
GROOMS Trivandrum,P,3P,9,24,WC,38,3PP0924WC3825Y6RK,,,,,,,,,
GROOMS Trivandrum,P,3P,9,24,WC,38,3PP0924WC38JTQ54S,,,,,,,,,
GROOMS Trivandrum,P,3P,9,24,WC,38,3PP0924WC38849I8G,,,,,,,,,
GROOMS Trivandrum,P,3P,9,24,T,34,3PP0924T34PJOB8E,,,,,,,,,
GROOMS Trivandrum,P,3P,9,24,T,34,3PP0924T34Y0J31G,,,,,,,,,
GROOMS Trivandrum,P,3P,9,24,T,34,3PP0924T34I3ZDT9,,,,,,,,,
GROOMS Trivandrum,P,3P,9,24,T,34,3PP0924T34JJA1LE,,,,,,,,,
GROOMS Trivandrum,P,3P,9,24,T,34,3PP0924T341XU3DM,,,,,,,,,
GROOMS Trivandrum,P,3P,9,24,T,34,3PP0924T345SFDTP,,,,,,,,,
GROOMS Trivandrum,P,3P,9,24,T,34,3PP0924T340M2EGZ,,,,,,,,,
GROOMS Trivandrum,P,3P,9,24,T,34,3PP0924T34MBYGK0,,,,,,,,,
GROOMS Trivandrum,P,3P,9,24,T,34,3PP0924T34S79J7L,,,,,,,,,
GROOMS Trivandrum,P,3P,9,24,T,34,3PP0924T34F3LW0J,,,,,,,,,
GROOMS Trivandrum,P,3P,9,24,T,34,3PP0924T34YO31H6,,,,,,,,,
GROOMS Trivandrum,P,3P,9,24,T,34,3PP0924T34X9NOUU,,,,,,,,,
GROOMS Trivandrum,P,3P,9,24,T,34,3PP0924T34BOKUD8,,,,,,,,,
GROOMS Trivandrum,P,3P,9,24,T,34,3PP0924T34OXR9SD,,,,,,,,,
GROOMS Trivandrum,P,3P,9,24,T,34,3PP0924T34TAO563,,,,,,,,,
GROOMS Trivandrum,P,3P,9,24,T,34,3PP0924T3420CFEY,,,,,,,,,
GROOMS Trivandrum,P,3P,9,24,T,34,3PP0924T34PJY0MD,,,,,,,,,
GROOMS Trivandrum,P,3P,9,24,T,34,3PP0924T342JK81W,,,,,,,,,
GROOMS Trivandrum,P,3P,9,24,BZ,40,3PP0924BZ40Y22000,,,,,,,,,
GROOMS Trivandrum,P,3P,9,24,BZ,40,3PP0924BZ40FUHFXQ,,,,,,,,,
GROOMS Trivandrum,P,3P,9,24,BZ,40,3PP0924BZ40U3XKXD,,,,,,,,,
GROOMS Trivandrum,P,3P,9,24,BZ,40,3PP0924BZ40UQB1HR,,,,,,,,,
GROOMS Trivandrum,P,3P,9,24,BZ,40,3PP0924BZ409S4J32,,,,,,,,,
GROOMS Trivandrum,P,3P,9,24,BZ,40,3PP0924BZ40OYC7US,,,,,,,,,
GROOMS Trivandrum,P,3P,9,24,BZ,40,3PP0924BZ40X9F5N5,,,,,,,,,
GROOMS Trivandrum,P,3P,9,24,BZ,40,3PP0924BZ40BTG15K,,,,,,,,,
GROOMS Trivandrum,P,3P,9,24,BZ,40,3PP0924BZ40DQBHKA,,,,,,,,,
GROOMS Trivandrum,P,3P,9,24,BZ,40,3PP0924BZ400G6EJ3,,,,,,,,,
GROOMS Trivandrum,P,3P,9,24,BZ,40,3PP0924BZ4005SHSQ,,,,,,,,,
GROOMS Trivandrum,P,3P,9,24,BZ,40,3PP0924BZ406OQ4K6,,,,,,,,,
GROOMS Trivandrum,P,3P,9,24,BZ,40,3PP0924BZ40637KPN,,,,,,,,,
GROOMS Trivandrum,P,3P,9,24,BZ,40,3PP0924BZ40UTC9FI,,,,,,,,,
GROOMS Trivandrum,P,3P,9,24,BZ,40,3PP0924BZ40JIQDGH,,,,,,,,,
GROOMS Trivandrum,P,3P,9,24,BZ,40,3PP0924BZ40084PLD,,,,,,,,,
GROOMS Trivandrum,P,3P,9,24,BZ,40,3PP0924BZ40X7BPVU,,,,,,,,,
GROOMS Trivandrum,P,3P,9,24,WC,40,3PP0924WC40UNTRCE,,,,,,,,,
GROOMS Trivandrum,P,3P,9,24,WC,40,3PP0924WC40H9O2F1,,,,,,,,,
GROOMS Trivandrum,P,3P,9,24,WC,40,3PP0924WC4051MQ8D,,,,,,,,,
GROOMS Trivandrum,P,3P,9,24,WC,40,3PP0924WC40E4J9KE,,,,,,,,,
GROOMS Trivandrum,P,3P,9,24,WC,40,3PP0924WC40DIH2AF,,,,,,,,,
GROOMS Trivandrum,P,3P,9,24,T,36,3PP0924T365RURLH,,,,,,,,,
GROOMS Trivandrum,P,3P,9,24,T,36,3PP0924T36JY3KFL,,,,,,,,,
GROOMS Trivandrum,P,3P,9,24,T,36,3PP0924T36TCUMWB,,,,,,,,,
GROOMS Trivandrum,P,3P,9,24,T,36,3PP0924T36QOY8KY,,,,,,,,,
GROOMS Trivandrum,P,3P,9,24,T,36,3PP0924T36KGEYLD,,,,,,,,,
GROOMS Trivandrum,P,3P,9,24,T,36,3PP0924T36ZJY011,,,,,,,,,
GROOMS Trivandrum,P,3P,9,24,T,36,3PP0924T36FGEAA8,,,,,,,,,
GROOMS Trivandrum,P,3P,9,24,T,36,3PP0924T3677L7VB,,,,,,,,,
GROOMS Trivandrum,P,3P,9,24,T,36,3PP0924T36YNXFBQ,,,,,,,,,
GROOMS Trivandrum,P,3P,9,24,T,36,3PP0924T36HHQJ8Z,,,,,,,,,
GROOMS Trivandrum,P,3P,9,24,T,36,3PP0924T36YAZBGB,,,,,,,,,
GROOMS Trivandrum,P,3P,9,24,T,36,3PP0924T36TTTLLK,,,,,,,,,
GROOMS Trivandrum,P,3P,9,24,T,36,3PP0924T368DT1WD,,,,,,,,,
GROOMS Trivandrum,P,3P,9,24,T,36,3PP0924T36NZ97BV,,,,,,,,,
GROOMS Trivandrum,P,3P,9,24,T,36,3PP0924T36TCBDWG, ,,,,,,,,
GROOMS Trivandrum,P,3P,9,24,T,36,3PP0924T366ZGZF9,,,,,,,,,
GROOMS Trivandrum,P,3P,9,24,T,36,3PP0924T368V50BN,,,,,,,,,
GROOMS Trivandrum,P,3P,9,24,WC,40,3PP0924WC408L2GTT,,,,,,,,,
GROOMS Trivandrum,P,3P,9,24,WC,40,3PP0924WC40KUE08A,,,,,,,,,
GROOMS Trivandrum,P,3P,9,24,WC,40,3PP0924WC40LZXUT5,,,,,,,,,
GROOMS Trivandrum,P,3P,9,24,WC,40,3PP0924WC40QTZLBD,,,,,,,,,
GROOMS Trivandrum,P,3P,9,24,WC,40,3PP0924WC40TN6DB4,,,,,,,,,
GROOMS Trivandrum,P,3P,9,24,WC,40,3PP0924WC40KAVP9N,,,,,,,,,
GROOMS Trivandrum,P,3P,9,24,WC,40,3PP0924WC401HV083,,,,,,,,,
GROOMS Trivandrum,P,3P,9,24,WC,40,3PP0924WC406KQKPW,,,,,,,,,
GROOMS Trivandrum,P,3P,9,24,WC,40,3PP0924WC40B5OOVP,,,,,,,,,
GROOMS Trivandrum,P,3P,9,24,WC,40,3PP0924WC40J4H7R8,,,,,,,,,
GROOMS Trivandrum,P,3P,9,24,WC,40,3PP0924WC40M62F9J,,,,,,,,,
GROOMS Trivandrum,P,3P,9,24,WC,40,3PP0924WC40YFT89W,,,,,,,,,
GROOMS Trivandrum,P,3P,9,24,WC,40,3PP0924WC40AEHQFY,,,,,,,,,
GROOMS Trivandrum,P,3P,9,24,WC,40,3PP0924WC40N7CU2B,,,,,,,,,
GROOMS Trivandrum,P,3P,9,24,WC,40,3PP0924WC40VWZHSM,,,,,,,,,
GROOMS Trivandrum,P,3P,9,24,WC,40,3PP0924WC40CE0RIR,,,,,,,,,
GROOMS Trivandrum,P,3P,9,24,WC,40,3PP0924WC40DH53KM,,,,,,,,,
GROOMS Trivandrum,P,3P,9,24,BZ,42,3PP0924BZ425ZDEAN,,,,,,,,,
GROOMS Trivandrum,P,3P,9,24,BZ,42,3PP0924BZ42233HYL,,,,,,,,,
GROOMS Trivandrum,P,3P,9,24,BZ,42,3PP0924BZ42RWU564,,,,,,,,,
GROOMS Trivandrum,P,3P,9,24,BZ,42,3PP0924BZ42YG2WBV,,,,,,,,,
GROOMS Trivandrum,P,3P,9,24,BZ,42,3PP0924BZ42LU24Z0,,,,,,,,,
GROOMS Trivandrum,P,3P,9,24,BZ,42,3PP0924BZ42EVKGSV,,,,,,,,,
GROOMS Trivandrum,P,3P,9,24,BZ,42,3PP0924BZ421KATY1,,,,,,,,,
GROOMS Trivandrum,P,3P,9,24,BZ,42,3PP0924BZ424MGVS8,,,,,,,,,
GROOMS Trivandrum,P,3P,9,24,BZ,42,3PP0924BZ42D0IS1L,,,,,,,,,
GROOMS Trivandrum,P,3P,9,24,BZ,42,3PP0924BZ42SHC9A4,,,,,,,,,
GROOMS Trivandrum,P,3P,9,24,BZ,42,3PP0924BZ42CAROCW,,,,,,,,,
GROOMS Trivandrum,P,3P,9,24,BZ,42,3PP0924BZ4273JI42,,,,,,,,,
GROOMS Trivandrum,P,3P,9,24,BZ,42,3PP0924BZ42QC5XS4,,,,,,,,,
GROOMS Trivandrum,P,3P,9,24,BZ,42,3PP0924BZ42ULYXHB,,,,,,,,,
GROOMS Trivandrum,P,3P,9,24,BZ,42,3PP0924BZ42ZUDXJP,,,,,,,,,
GROOMS Trivandrum,P,3P,9,24,BZ,42,3PP0924BZ42BXDVCK,,,,,,,,,
GROOMS Trivandrum,P,3P,9,24,BZ,42,3PP0924BZ425GKV32,,,,,,,,,
GROOMS Trivandrum,P,3P,9,24,BZ,42,3PP0924BZ42ZZNLFB,,,,,,,,,
GROOMS Trivandrum,P,3P,9,24,WC,42,3PP0924WC42BDQ35B,,,,,,,,,
GROOMS Trivandrum,P,3P,9,24,WC,42,3PP0924WC421JMX06,,,,,,,,,
GROOMS Trivandrum,P,3P,9,24,WC,42,3PP0924WC42D33TBU,,,,,,,,,
GROOMS Trivandrum,P,3P,9,24,WC,42,3PP0924WC42I4DER1,,,,,,,,,
GROOMS Trivandrum,P,3P,9,24,WC,42,3PP0924WC42DCX9E2,,,,,,,,,
GROOMS Trivandrum,P,3P,9,24,WC,42,3PP0924WC42RWZPZ6,,,,,,,,,
GROOMS Trivandrum,P,3P,9,24,WC,42,3PP0924WC42R8I7A7,,,,,,,,,
GROOMS Trivandrum,P,3P,9,24,WC,42,3PP0924WC42QRGX5P,,,,,,,,, 
GROOMS Trivandrum,P,3P,9,24,WC,42,3PP0924WC42GEDDJZ,,,,,,,,,
GROOMS Trivandrum,P,3P,9,24,WC,42,3PP0924WC42VHXJWQ,,,,,,,,,
GROOMS Trivandrum,P,3P,9,24,WC,42,3PP0924WC42KA5OMU,,,,,,,,,
GROOMS Trivandrum,P,3P,9,24,WC,42,3PP0924WC42YF7BWQ,,,,,,,,,
GROOMS Trivandrum,P,3P,9,24,WC,42,3PP0924WC42N5VH33,,,,,,,,,
GROOMS Trivandrum,P,3P,9,24,WC,42,3PP0924WC420DRX4A,,,,,,,,,
GROOMS Trivandrum,P,3P,9,24,WC,42,3PP0924WC42M1DHVX,,,,,,,,,
GROOMS Trivandrum,P,3P,9,24,WC,42,3PP0924WC42SB3M5G,,,,,,,,,
GROOMS Trivandrum,P,3P,9,24,WC,42,3PP0924WC42HX5733,,,,,,,,,
GROOMS Trivandrum,P,3P,9,24,WC,42,3PP0924WC425AL08B,,,,,,,,,
GROOMS Trivandrum,P,3P,9,24,T,38,3PP0924T38K6JJNS,,,,,,,,,
GROOMS Trivandrum,P,3P,9,24,T,38,3PP0924T381PYOE4,,,,,,,,,
GROOMS Trivandrum,P,3P,9,24,T,38,3PP0924T38NGRXEA,,,,,,,,,
GROOMS Trivandrum,P,3P,9,24,T,38,3PP0924T38VJCCBN,,,,,,,,,
GROOMS Trivandrum,P,3P,9,24,T,38,3PP0924T38TZHFPI,,,,,,,,,
GROOMS Trivandrum,P,3P,9,24,T,38,3PP0924T38E1APIS,,,,,,,,,
GROOMS Trivandrum,P,3P,9,24,T,38,3PP0924T38FRAT5A,,,,,,,,,
GROOMS Trivandrum,P,3P,9,24,T,38,3PP0924T3801I4Y3,,,,,,,,,
GROOMS Trivandrum,P,3P,9,24,T,38,3PP0924T385TC1N3,,,,,,,,,
GROOMS Trivandrum,P,3P,9,24,T,38,3PP0924T38WJP4F7,,,,,,,,,
GROOMS Trivandrum,P,3P,9,24,T,38,3PP0924T38OGGNW9,,,,,,,,,
GROOMS Trivandrum,P,3P,9,24,T,38,3PP0924T38MR00C8,,,,,,,,,
GROOMS Trivandrum,P,3P,9,24,T,38,3PP0924T38APC6GL,,,,,,,,,
GROOMS Trivandrum,P,3P,9,24,T,38,3PP0924T38JM8AZE,,,,,,,,,
GROOMS Trivandrum,P,3P,9,24,T,38,3PP0924T38OB7YNQ,,,,,,,,,
GROOMS Trivandrum,P,3P,9,24,T,38,3PP0924T38O76XH1,,,,,,,,,
GROOMS Trivandrum,P,3P,9,24,T,38,3PP0924T38P6YT0A,,,,,,,,,
GROOMS Trivandrum,P,3P,9,24,T,38,3PP0924T38X3SNZU,,,,,,,,,
GROOMS Trivandrum,P,3P,9,24,BZ,44,3PP0924BZ44LQAF4K,,,,,,,,,
GROOMS Trivandrum,P,3P,9,24,BZ,44,3PP0924BZ44LIADD9,,,,,,,,,
GROOMS Trivandrum,P,3P,9,24,BZ,44,3PP0924BZ44U1ST58,,,,,,,,,
GROOMS Trivandrum,P,3P,9,24,BZ,44,3PP0924BZ44CSDUC5,,,,,,,,,
GROOMS Trivandrum,P,3P,9,24,BZ,44,3PP0924BZ44PGF93B,,,,,,,,,
GROOMS Trivandrum,P,3P,9,24,BZ,44,3PP0924BZ444FS0LP,,,,,,,,,
GROOMS Trivandrum,P,3P,9,24,BZ,44,3PP0924BZ44WLIE20,,,,,,,,,
GROOMS Trivandrum,P,3P,9,24,BZ,44,3PP0924BZ446YC2JK,,,,,,,,,
GROOMS Trivandrum,P,3P,9,24,WC,44,3PP0924WC44AN2AWC,,,,,,,,,
GROOMS Trivandrum,P,3P,9,24,WC,44,3PP0924WC443I086Q,,,,,,,,,
GROOMS Trivandrum,P,3P,9,24,WC,44,3PP0924WC44VB9I6F,,,,,,,,,
GROOMS Trivandrum,P,3P,9,24,WC,44,3PP0924WC44SNY8KH,,,,,,,,,
GROOMS Trivandrum,P,3P,9,24,WC,44,3PP0924WC44UB9CZ8,,,,,,,,,
GROOMS Trivandrum,P,3P,9,24,WC,44,3PP0924WC445FWGO7,,,,,,,,,
GROOMS Trivandrum,P,3P,9,24,WC,44,3PP0924WC446KVV29,,,,,,,,,
GROOMS Trivandrum,P,3P,9,24,WC,44,3PP0924WC442AYLJU,,,,,,,,,
GROOMS Trivandrum,P,3P,9,24,T,40,3PP0924T40JJAJN5,,,,,,,,,
GROOMS Trivandrum,P,3P,9,24,T,40,3PP0924T40BU4X59,,,,,,,,,
GROOMS Trivandrum,P,3P,9,24,T,40,3PP0924T409HVA83,,,,,,,,,
GROOMS Trivandrum,P,3P,9,24,T,40,3PP0924T403EP9RX,,,,,,,,,
GROOMS Trivandrum,P,3P,9,24,T,40,3PP0924T40HK7Z2W,,,,,,,,,
GROOMS Trivandrum,P,3P,9,24,T,40,3PP0924T40NIDCGH,,,,,,,,,
GROOMS Trivandrum,P,3P,9,24,T,40,3PP0924T402C3VRO,,,,,,,,,
GROOMS Trivandrum,P,3P,9,24,T,40,3PP0924T405PZ23M,,,,,,,,,
GROOMS Trivandrum,P,B,9,24,BZ,34,BP0924BZ34HDG0PI,,,,,,,,,
GROOMS Trivandrum,P,B,9,24,BZ,34,BP0924BZ34IRP361,,,,,,,,,
GROOMS Trivandrum,P,B,9,24,BZ,34,BP0924BZ34HFB5FQ,,,,,,,,,
GROOMS Trivandrum,P,B,9,24,BZ,34,BP0924BZ34R5A37K,,,,,,,,,
GROOMS Trivandrum,P,B,9,24,BZ,34,BP0924BZ343LSA9D,,,,,,,,,
GROOMS Trivandrum,P,B,9,24,BZ,34,BP0924BZ34YQZE78,,,,,,,,,
GROOMS Trivandrum,P,B,9,24,T,30,BP0924T3054ESBS,,,,,,,,,
GROOMS Trivandrum,P,B,9,24,T,30,BP0924T309L08ZQ,,,,,,,,,
GROOMS Trivandrum,P,B,9,24,T,30,BP0924T30AN814Y,,,,,,,,,
GROOMS Trivandrum,P,B,9,24,T,30,BP0924T30NYEEYU,,,,,,,,,
GROOMS Trivandrum,P,B,9,24,T,30,BP0924T30JVJ9PJ,,,,,,,,,
GROOMS Trivandrum,P,B,9,24,T,30,BP0924T30VYUO5R,,,,,,,,,
GROOMS Trivandrum,P,B,9,24,WC,34,BP0924WC34P29I09,,,,,,,,,
GROOMS Trivandrum,P,B,9,24,BZ,36,BP0924BZ36E18EGE,,,,,,,,,
GROOMS Trivandrum,P,B,9,24,BZ,36,BP0924BZ36XVUTI3,,,,,,,,,
GROOMS Trivandrum,P,B,9,24,BZ,36,BP0924BZ36B7Y4QO,,,,,,,,,
GROOMS Trivandrum,P,B,9,24,BZ,36,BP0924BZ36J7WRIU,,,,,,,,,
GROOMS Trivandrum,P,B,9,24,BZ,36,BP0924BZ36HB04ZD,,,,,,,,,
GROOMS Trivandrum,P,B,9,24,BZ,36,BP0924BZ3623FQ6E,,,,,,,,,
GROOMS Trivandrum,P,B,9,24,BZ,36,BP0924BZ36URPUJ7,,,,,,,,,
GROOMS Trivandrum,P,B,9,24,BZ,36,BP0924BZ36KQTLN9,,,,,,,,,
GROOMS Trivandrum,P,B,9,24,BZ,36,BP0924BZ3637AWXV,,,,,,,,,
GROOMS Trivandrum,P,B,9,24,BZ,36,BP0924BZ36F5QKTY,,,,,,,,,
GROOMS Trivandrum,P,B,9,24,T,32,BP0924T32HTXXDI,,,,,,,,,
GROOMS Trivandrum,P,B,9,24,T,32,BP0924T32L27CI5,,,,,,,,,
GROOMS Trivandrum,P,B,9,24,T,32,BP0924T325J4L1K,,,,,,,,,
GROOMS Trivandrum,P,B,9,24,T,32,BP0924T32RKAZ1W,,,,,,,,,
GROOMS Trivandrum,P,B,9,24,T,32,BP0924T32E4R7NY,,,,,,,,,
GROOMS Trivandrum,P,B,9,24,T,32,BP0924T32H9841I,,,,,,,,,
GROOMS Trivandrum,P,B,9,24,T,32,BP0924T32D0LOKI,,,,,,,,,
GROOMS Trivandrum,P,B,9,24,T,32,BP0924T32J0125J,,,,,,,,,
GROOMS Trivandrum,P,B,9,24,T,32,BP0924T323HFA8S,,,,,,,,,
GROOMS Trivandrum,P,B,9,24,T,32,BP0924T32YVC8GD,,,,,,,,,
GROOMS Trivandrum,P,B,9,24,WC,36,BP0924WC367EEYR3,,,,,,,,,
GROOMS Trivandrum,P,B,9,24,BZ,38,BP0924BZ38SM6D3S,,,,,,,,,
GROOMS Trivandrum,P,B,9,24,BZ,38,BP0924BZ38EEE6EI,,,,,,,,,
GROOMS Trivandrum,P,B,9,24,BZ,38,BP0924BZ38MZSP8B,,,,,,,,,
GROOMS Trivandrum,P,B,9,24,BZ,38,BP0924BZ38J0564V,,,,,,,,,
GROOMS Trivandrum,P,B,9,24,BZ,38,BP0924BZ38PS509K,,,,,,,,,
GROOMS Trivandrum,P,B,9,24,BZ,38,BP0924BZ383ZJWJL,,,,,,,,,
GROOMS Trivandrum,P,B,9,24,BZ,38,BP0924BZ387PEZ8W,,,,,,,,,
GROOMS Trivandrum,P,B,9,24,BZ,38,BP0924BZ38BWZUF4,,,,,,,,,
GROOMS Trivandrum,P,B,9,24,BZ,38,BP0924BZ387CN4KT,,,,,,,,,
GROOMS Trivandrum,P,B,9,24,BZ,38,BP0924BZ38MMBMW9,,,,,,,,,
GROOMS Trivandrum,P,B,9,24,T,34,BP0924T34N5CXSZ,,,,,,,,,
GROOMS Trivandrum,P,B,9,24,T,34,BP0924T34316SLY,,,,,,,,,
GROOMS Trivandrum,P,B,9,24,T,34,BP0924T34TWH6LM,,,,,,,,,
GROOMS Trivandrum,P,B,9,24,T,34,BP0924T34YV4MRG,,,,,,,,,
GROOMS Trivandrum,P,B,9,24,T,34,BP0924T34NK8KY3,,,,,,,,,
GROOMS Trivandrum,P,B,9,24,T,34,BP0924T34HIJPPC,,,,,,,,,
GROOMS Trivandrum,P,B,9,24,T,34,BP0924T34PUZGZH,,,,,,,,,
GROOMS Trivandrum,P,B,9,24,T,34,BP0924T34E1AZVU,,,,,,,,,
GROOMS Trivandrum,P,B,9,24,T,34,BP0924T348GP4ID,,,,,,,,,
GROOMS Trivandrum,P,B,9,24,T,34,BP0924T34I8CLUX,,,,,,,,,
GROOMS Trivandrum,P,B,9,24,WC,38,BP0924WC38DZH1CC,,,,,,,,,
GROOMS Trivandrum,P,B,9,24,BZ,40,BP0924BZ40X8I58N,,,,,,,,,
GROOMS Trivandrum,P,B,9,24,BZ,40,BP0924BZ408BY8KT,,,,,,,,,
GROOMS Trivandrum,P,B,9,24,BZ,40,BP0924BZ40MO4I8S,,,,,,,,,
GROOMS Trivandrum,P,B,9,24,BZ,40,BP0924BZ405VCPM3,,,,,,,,,
GROOMS Trivandrum,P,B,9,24,BZ,40,BP0924BZ40SJ7ZB7,,,,,,,,,
GROOMS Trivandrum,P,B,9,24,BZ,40,BP0924BZ40EXERPL,,,,,,,,,
GROOMS Trivandrum,P,B,9,24,BZ,40,BP0924BZ40B0U1TK,,,,,,,,,
GROOMS Trivandrum,P,B,9,24,BZ,40,BP0924BZ40KRLQ4Z,,,,,,,,,
GROOMS Trivandrum,P,B,9,24,BZ,40,BP0924BZ40CJ1411,,,,,,,,,
GROOMS Trivandrum,P,B,9,24,BZ,40,BP0924BZ40MSIF4U,,,,,,,,,
GROOMS Trivandrum,P,B,9,24,T,36,BP0924T369JRLC0,,,,,,,,,
GROOMS Trivandrum,P,B,9,24,T,36,BP0924T36LMV3NG,,,,,,,,,
GROOMS Trivandrum,P,B,9,24,T,36,BP0924T364Z0VRG,,,,,,,,,
GROOMS Trivandrum,P,B,9,24,T,36,BP0924T36SWPEES,,,,,,,,,
GROOMS Trivandrum,P,B,9,24,T,36,BP0924T36V1Q9LE,,,,,,,,,
GROOMS Trivandrum,P,B,9,24,T,36,BP0924T36GBULZS,,,,,,,,,
GROOMS Trivandrum,P,B,9,24,T,36,BP0924T36725YBU,,,,,,,,,
GROOMS Trivandrum,P,B,9,24,T,36,BP0924T364PKE3C,,,,,,,,,
GROOMS Trivandrum,P,B,9,24,T,36,BP0924T36KRBCST,,,,,,,,,
GROOMS Trivandrum,P,B,9,24,T,36,BP0924T36UQS5VJ,,,,,,,,,
GROOMS Trivandrum,P,B,9,24,WC,40,BP0924WC40YX282S,,,,,,,,,
